Brand,Title,Price,Link,SKU,OldPrice,Image,Discount
Novex,Protector Termico Capilar Novex Blindaje Queratina 90 Gr,Bs.3.138.39,https://www.farmatodo.com.ve/producto/111927633-protector-termico-capilar-novex-blindaje-queratina-90-gr,111927633,Bs.3.692.22,,15%
Novex,Tratamiento Capilar Novex Recarga De Queratina X 80 Gr,Bs.2.368.55,https://www.farmatodo.com.ve/producto/113706536-tratamiento-capilar,113706536,Bs.2.786.53,,15%
Novex,Tratamiento Capilar Novex Bomba Acido Hialuronico 80 Gr,Bs.2.368.55,https://www.farmatodo.com.ve/producto/114927461-tratamiento-capilar-novex-bomba-acido-hialuronico-80-gr,114927461,Bs.2.786.53,,15%
Novex,Protector Termico Capilar Novex Blindaje 200 Ml,Bs.5.506.95,https://www.farmatodo.com.ve/producto/111272057-protector-termico-capilar-novex-blindaje-200-ml,111272057,Bs.6.478.77,,15%
Novex,Acondicionador Novex Vitay Infusión De Colageno 400gr,Bs.2.960.67,https://www.farmatodo.com.ve/producto/112831431-acondicionador-novex-vitay-infusion-de-colageno-400gr,112831431,Bs.3.483.14,,15%
Novex,Baño De Crema Novex Santo Black Poderoso Meus Cachos X 210 Gr,Bs.2.220.54,https://www.farmatodo.com.ve/producto/113706528-bano-de-crema-novex,113706528,Bs.2.612.40,,15%
Novex,Tratamiento Capilar Novex Recarga De Colágeno X 80 Gr,Bs.2.368.55,https://www.farmatodo.com.ve/producto/114660390-tratamiento-capilar,114660390,Bs.2.786.53,,15%
Novex,Baño De Crema Novex Queratina Brasileira Hidrat Prof 210gr,Bs.2.220.54,https://www.farmatodo.com.ve/producto/111442917-bano-de-crema-novex-queratina-brasileira-hidrat-prof-210gr,111442917,Bs.2.612.40,,15%
Novex,Protector Termico Novex,Bs.7.105.69,https://www.farmatodo.com.ve/producto/115943720-protector-termico-novex,115943720,Bs.8.359.64,,15%
Novex,Baño De Crema Novex Colageno 210gr,Bs.2.220.54,https://www.farmatodo.com.ve/producto/114256451-bano-de-crema-novex-colageno-210gr,114256451,Bs.2.612.40,,15%
Meus,Champu Novex Rulos Meus Cachinhos Para Ninos 300ml,Bs.3.552.88,https://www.farmatodo.com.ve/producto/113077354-champu-novex-rulos-meus-cachinhos-para-ninos-300ml,113077354,Bs.4.179.86,,15%
Vitay,Champú Novex Nutritivo Óleo De Coco X 300 Ml,Bs.3.256.83,https://www.farmatodo.com.ve/producto/114969768-champu-vitay-novex-oleo-de-coco-300-ml,114969768,Bs.3.831.57,,15%
Meus,Bano De Crema Novex Rulos Cachinhos Para Ninos 210ml,Bs.2.220.54,https://www.farmatodo.com.ve/producto/113077400-bano-de-crema-novex-rulos-cachinhos-para-ninos-210ml,113077400,Bs.2.612.40,,15%
Novex,Champú Novex Recarga De Queratina X 300 Ml,Bs.3.256.83,https://www.farmatodo.com.ve/producto/114969750-champu-vitay-novex-recarga-queratina-300-ml,114969750,Bs.3.831.57,,15%
Novex,Champu Novex Meus Cachos,Bs.3.404.84,https://www.farmatodo.com.ve/producto/115644560-champu-novex-meus-cachos,115644560,Bs.4.005.70,,15%
Novex,Baño De Crema Novex Queratina Absoluta 400gr,Bs.2.960.67,https://www.farmatodo.com.ve/producto/111772893-bano-de-crema-novex-queratina-absoluta-400gr,111772893,Bs.3.483.14,,15%
Novex,Crema Para Peinar Novex,Bs.5.329.24,https://www.farmatodo.com.ve/producto/115645520-crema-para-peinar-novex,115645520,Bs.6.269.70,,15%
Novex,Baño De Crema Novex Gold 400 Gr,Bs.3.256.83,https://www.farmatodo.com.ve/producto/111244697-bano-de-crema-novex-gold-400-gr,111244697,Bs.3.831.57,,15%
Novex,Baño De Crema Novex Aceite De Oliva Hidratación Profunda X 210 Gr,Bs.2.220.54,https://www.farmatodo.com.ve/producto/111969230-bano-de-crema-novex-aceite-de-oliva-hidrat-prof-210gr,111969230,Bs.2.612.40,,15%
Novex,Champu Novex Vitay Hialuronico Power 300ml,Bs.3.256.83,https://www.farmatodo.com.ve/producto/114655460-champu-novex-vitay-hialuronico-power-300ml,114655460,Bs.3.831.57,,15%
Novex,Baño De Crema Novex Meus,Bs.3.256.83,https://www.farmatodo.com.ve/producto/115649512-bano-de-crema-novex-meus,115649512,Bs.3.831.57,,15%
Novex,Champu Novex Oxygen Therapy 300ml,Bs.3.049.57,https://www.farmatodo.com.ve/producto/116317587-champu-novex-oxygen-therapy-300ml,116317587,Bs.3.587.73,,15%
Novex,Champu Novex Aceite De Oliva 300ml,Bs.3.256.83,https://www.farmatodo.com.ve/producto/111483896-champu-novex-aceite-de-oliva-300ml,111483896,Bs.3.831.57,,15%
Novex,Baño De Crema Novex Aceite De Oliva 400 Gr,Bs.2.960.67,https://www.farmatodo.com.ve/producto/111244680-bano-de-crema-novex-aceite-de-oliva-400-gr,111244680,Bs.3.483.14,,15%
Novex,Crema Para Peinar Novex Acido Hialuronico 300ml,Bs.3.404.84,https://www.farmatodo.com.ve/producto/115064434-crema-para-peinar-novex-acido-hialuronico-300ml,115064434,Bs.4.005.70,,15%
Novex,Locion Capilar Novex Nutrire Crm C/peinar Broto Bambu 300gr 4953,Bs.2.664.62,https://www.farmatodo.com.ve/producto/111648892-locion-capilar-novex-nutrire-crm-cpeinar-broto-bambu-300gr-4953,111648892,Bs.3.134.85,,15%
Novex,Champu Novex Broto De Bambu 300ml,Bs.3.256.83,https://www.farmatodo.com.ve/producto/111483895-champu-novex-broto-de-bambu-300ml,111483895,Bs.3.831.57,,15%
Novex,Crema Para Peinar Novex Vitay Infusion De Colageno 300gr,Bs.3.404.84,https://www.farmatodo.com.ve/producto/112831474-crema-para-peinar-novex-vitay-infusion-de-colageno-300gr,112831474,Bs.4.005.70,,15%
Novex,Champu Novex Vitay Queratina 300ml,Bs.3.256.83,https://www.farmatodo.com.ve/producto/111902891-champu-novex-vitay-queratina-300ml,111902891,Bs.3.831.57,,15%
Novex,Gelatina Definidora Infantil Novex Meus Cachinhos 500gr,Bs.3.641.67,https://www.farmatodo.com.ve/producto/116386558-gelatina-definidora-infantil-novex-meus-cachinhos-500gr,116386558,Bs.4.284.32,,15%
Novex,Baño De Crema Novex,Bs.5.625.45,https://www.farmatodo.com.ve/producto/114658396-bano-de-crema-novex,114658396,Bs.6.618.18,,15%
Novex,Champu Novex Gold Light X 500 Ml,Bs.5.921.47,https://www.farmatodo.com.ve/producto/111790904-champu-novex-gold-light,111790904,Bs.6.966.43,,15%
Novex,Protector Termico Capilar Novex Blindaje Leave-in Gloss Color 120ml,Bs.5.329.24,https://www.farmatodo.com.ve/producto/116256534-protector-termico-capilar-novex-blindaje-leave-in-gloss-color-120ml,116256534,Bs.6.269.70,,15%
Novex,Mascarilla Capilar Novex Ritual Dorama 250gr,Bs.3.049.54,https://www.farmatodo.com.ve/producto/116255591-mascarilla-capilar-novex-ritual-dorama-250gr,116255591,Bs.3.587.69,,15%
Novex,Protector Termico Capilar Novex Blindaje 400 Ml,Bs.8.882.13,https://www.farmatodo.com.ve/producto/111244717-protector-termico-capilar-novex-blindaje-400-ml,111244717,Bs.10.449.56,,15%
Novex,Champu Novex Ritual Dorama 300ml,Bs.3.049.57,https://www.farmatodo.com.ve/producto/116256542-champu-novex-ritual-dorama-300ml,116256542,Bs.3.587.73,,15%
Novex,Locion Novex Oxigen Therapy Leavein 100ml,Bs.3.049.57,https://www.farmatodo.com.ve/producto/116318571-locion-novex-oxigen-therapy-leavein-100ml,116318571,Bs.3.587.73,,15%
Meus,Crema Para Peinar Novex Rizos Meus Cachinhos Niños X 300 Ml,Bs.3.493.64,https://www.farmatodo.com.ve/producto/113077442-crema-para-peinar-novex-rulos-meus-cachinhos-300ml,113077442,Bs.4.110.16,,15%
Meus,Acondicionador Novex,Bs.2.960.67,https://www.farmatodo.com.ve/producto/113077397-acondicionador-novex,113077397,Bs.3.483.14,,15%
Novex,Champu Novex Lisinho Liso X 300 Ml,Bs.3.404.84,https://www.farmatodo.com.ve/producto/115598541-champu-novex-lisinho-liso-x-300-ml,115598541,Bs.4.005.70,,15%
Novex,Desenredante Novex Liso Lisinho X 120 Ml,Bs.2.960.67,https://www.farmatodo.com.ve/producto/115596511-desenredante-novex-liso-lisinho-x-120-ml,115596511,Bs.3.483.14,,15%
Novex,Tratamiento Condicionante Novex Lisinho Bebé Novex Liso X 300 Ml,Bs.3.404.84,https://www.farmatodo.com.ve/producto/115598532-tratamiento-condicionante-novex-lisinho-bebe-novex-liso-x-300-ml,115598532,Bs.4.005.70,https://lh3.googleusercontent.com/psVzyrWYp3nBRKcePWdSmCU4v8pjf5nLe3YcU0Zvv3nUKHR9rdEu9pqDmwLCal0Rm3T6YlGQhsy3Yd7nSuGMhePku85h5r1QzvE6f_8BcZlQVm30=s350-rw,15%
Novex,Tratamiento Capilar Novex Recarga Nocturna 80gr,Bs.1.393.27,https://www.farmatodo.com.ve/producto/114258392-tratamiento-capilar-novex-recarga-nocturna-80gr,114258392,Bs.2.786.53,https://lh3.googleusercontent.com/_IgOr2Wf6RQEdOEHgqOCZZ3dKA0HTsrTzQRiAIuK0aiwK62C2rKueXTyyxxTD8ult5C7PRMPj3qgEjBaoZeL_GAvJ7i7YpPGHwj_wO3Do2LzFek=s350-rw,
